gene_symbol,hgvs_c,hgvs_p,zygosity_label,n_cases,is_known,annotation
ELAC2,ENST00000338034.9:c.460T>C,ENSP00000337445.4:p.Phe154Leu,homozygous,47,True,Mitochondrial disease — most frequent Saudi variant (49 cases)
TULP1,ENST00000229771.11:c.901C>T,ENSP00000229771.6:p.Gln301Ter,homozygous,36,True,Retinitis pigmentosa — Saudi/Arab founder
ATP7B,ENST00000242839.10:c.4195del,ENSP00000242839.5:p.Gln1399ArgfsTer6,homozygous,27,False,
ACADVL,ENST00000356839.10:c.65C>A,ENSP00000349297.5:p.Ser22Ter,homozygous,23,True,VLCAD deficiency — newborn screening
SLC19A3,ENST00000644224.2:c.1264A>G,ENSP00000495385.1:p.Thr422Ala,homozygous,22,True,BTBGD — treatable Saudi founder disease
CBS,ENST00000398165.8:c.969G>A,ENSP00000381231.4:p.Trp323Ter,homozygous,16,True,Homocystinuria — metabolic disease
SLC26A3,ENST00000340010.10:c.559G>T,ENSP00000345873.5:p.Gly187Ter,homozygous,13,False,
TMC1,ENST00000297784.10:c.100C>T,ENSP00000297784.6:p.Arg34Ter,homozygous,13,True,Non-syndromic hearing loss — Saudi founder
FBXL4,ENST00000369244.7:c.1698A>G,ENSP00000358247.1:p.Ile566Met,homozygous,12,False,
CYP2U1,ENST00000332884.11:c.947A>T,ENSP00000333212.6:p.Asp316Val,homozygous,10,True,Spastic paraplegia — Arab founder variant
SLC25A42,ENST00000318596.8:c.871A>G,ENSP00000326693.6:p.Asn291Asp,homozygous,10,False,
PTS,ENST00000280362.8:c.238A>G,ENSP00000280362.3:p.Met80Val,homozygous,10,False,
SLC3A1,ENST00000260649.11:c.1400T>A,ENSP00000260649.6:p.Met467Lys,homozygous,9,False,
DLD,ENST00000205402.10:c.685G>T,ENSP00000205402.3:p.Gly229Cys,homozygous,8,False,
ALG9,ENST00000616540.5:c.1588G>A,ENSP00000482437.1:p.Glu530Lys,homozygous,8,False,
RNASEH2B,ENST00000336617.8:c.356A>G,ENSP00000337623.2:p.Asp119Gly,homozygous,7,False,
CBS,ENST00000398165.8:c.1006C>T,ENSP00000381231.4:p.Arg336Cys,homozygous,7,True,Homocystinuria — metabolic disease
C12ORF57,ENST00000229281.6:c.1A>G,ENSP00000229281.5:p.Met1?,homozygous,7,True,Temtamy syndrome — Arab founder
POC1A,ENST00000296484.7:c.241C>T,ENSP00000296484.2:p.Arg81Ter,homozygous,7,False,
UGDH,ENST00000316423.11:c.950G>A,ENSP00000319501.6:p.Arg317Gln,homozygous,7,False,
EIF2AK3,ENST00000303236.9:c.1044_1057del,ENSP00000307235.3:p.Lys349GlnfsTer4,homozygous,7,False,
HMGCL,ENST00000374490.8:c.122G>A,ENSP00000363614.3:p.Arg41Gln,homozygous,7,False,
CEP290,ENST00000552810.6:c.5668G>T,ENSP00000448012.1:p.Gly1890Ter,homozygous,6,False,
PTS,ENST00000280362.8:c.169_171del,ENSP00000280362.3:p.Val57del,homozygous,6,False,
GAA,ENST00000302262.8:c.1657C>T,ENSP00000305692.3:p.Gln553Ter,homozygous,6,False,
RYR1,ENST00000359596.8:c.14209C>T,ENSP00000352608.2:p.Arg4737Trp,homozygous,6,False,
ATP7B,ENST00000242839.10:c.2230T>C,ENSP00000242839.5:p.Ser744Pro,homozygous,5,False,
ABCB4,ENST00000649586.2:c.526C>T,ENSP00000496956.2:p.Arg176Trp,homozygous,5,False,
RNASEH2A,ENST00000221486.6:c.557G>A,ENSP00000221486.4:p.Arg186Gln,homozygous,5,False,
ALKBH8,ENST00000428149.7:c.1794del,ENSP00000415885.2:p.Lys599ArgfsTer16,homozygous,5,False,
EIF2B2,ENST00000266126.10:c.591C>G,ENSP00000266126.5:p.Phe197Leu,homozygous,5,False,
MRE11,ENST00000323929.8:c.630G>C,ENSP00000325863.4:p.Trp210Cys,homozygous,5,False,
SLC13A5,ENST00000433363.7:c.1227dup,ENSP00000406220.2:p.Ile410HisfsTer13,homozygous,5,False,
PCCA,ENST00000376285.6:c.425G>A,ENSP00000365462.1:p.Gly142Asp,homozygous,5,False,
IFT56,ENST00000464848.5:c.1013A>G,ENSP00000419279.1:p.His338Arg,homozygous,5,False,
SPART,ENST00000438666.7:c.988A>G,ENSP00000406061.2:p.Met330Val,homozygous,5,False,
PSAP,ENST00000394936.8:c.722G>C,ENSP00000378394.3:p.Cys241Ser,homozygous,5,False,
RAB33B,ENST00000305626.6:c.136A>C,ENSP00000306496.5:p.Lys46Gln,homozygous,4,False,
VWA8,ENST00000379310.8:c.947A>G,ENSP00000368612.3:p.Asp316Gly,homozygous,4,False,
AHI1,ENST00000265602.11:c.1328T>A,ENSP00000265602.6:p.Val443Asp,homozygous,4,False,
GM2A,ENST00000357164.4:c.164C>T,ENSP00000349687.3:p.Pro55Leu,homozygous,4,False,
COPB1,ENST00000439561.7:c.1651T>G,ENSP00000397873.2:p.Phe551Val,homozygous,4,False,
SLC2A10,ENST00000359271.4:c.243C>G,ENSP00000352216.2:p.Ser81Arg,homozygous,4,False,
PARS2,ENST00000371279.4:c.283G>A,ENSP00000360327.3:p.Val95Ile,homozygous,4,False,
MMUT,ENST00000274813.4:c.1820T>G,ENSP00000274813.3:p.Phe607Cys,homozygous,4,False,
CPLANE1,ENST00000651892.2:c.7990_7991del,ENSP00000498265.2:p.Pro2664ThrfsTer2,homozygous,4,False,
FKRP,ENST00000318584.10:c.1364C>A,ENSP00000326570.4:p.Ala455Asp,homozygous,4,False,
SERAC1,ENST00000647468.2:c.438del,ENSP00000496731.1:p.Thr147ArgfsTer22,homozygous,4,False,
MTTP,ENST00000265517.10:c.1915G>C,ENSP00000265517.5:p.Gly639Arg,homozygous,4,False,
GALT,ENST00000378842.8:c.691C>T,ENSP00000368119.4:p.Arg231Cys,homozygous,4,False,
SUMF1,ENST00000272902.10:c.785A>G,ENSP00000272902.5:p.Gln262Arg,homozygous,4,False,
ATG7,ENST00000693202.1:c.1535T>C,ENSP00000510336.1:p.Leu512Pro,homozygous,4,False,
DMBX1,ENST00000360032.4:c.352C>T,ENSP00000353132.3:p.Arg118Trp,homozygous,4,False,
NKX6-2,ENST00000368592.8:c.545C>T,ENSP00000357581.5:p.Ala182Val,homozygous,4,False,
TALDO1,ENST00000319006.8:c.793del,ENSP00000321259.3:p.Gln265ArgfsTer56,homozygous,4,False,
GABRD,ENST00000378585.7:c.875C>T,ENSP00000367848.4:p.Thr292Met,homozygous,4,False,
TFRC,ENST00000360110.9:c.58T>C,ENSP00000353224.4:p.Tyr20His,homozygous,4,False,
THSD1,ENST00000258613.5:c.617G>A,ENSP00000258613.4:p.Cys206Tyr,homozygous,4,False,
SPATA7,ENST00000393545.9:c.288T>A,ENSP00000377176.4:p.Cys96Ter,heterozygous,4,False,
WWOX,ENST00000566780.6:c.139C>A,ENSP00000457230.1:p.Pro47Thr,homozygous,4,False,
SLC13A5,ENST00000433363.7:c.785T>C,ENSP00000406220.2:p.Leu262Pro,homozygous,4,False,
EPCAM,ENST00000263735.9:c.499dup,ENSP00000263735.4:p.Gln167ProfsTer21,homozygous,4,False,
ABCC2,ENST00000647814.1:c.2273G>T,ENSP00000497274.1:p.Gly758Val,homozygous,4,False,
FARS2,ENST00000274680.9:c.431A>G,ENSP00000274680.4:p.Tyr144Cys,homozygous,4,False,
PTS,ENST00000280362.8:c.342C>G,ENSP00000280362.3:p.Ile114Met,homozygous,4,False,
RPE65,ENST00000262340.6:c.271C>T,ENSP00000262340.5:p.Arg91Trp,homozygous,3,False,
KCTD3,ENST00000259154.9:c.1036_1073del,ENSP00000259154.2:p.Pro346ThrfsTer4,homozygous,3,False,
RPGRIP1,ENST00000400017.7:c.1107del,ENSP00000382895.2:p.Glu370AsnfsTer5,homozygous,3,False,
CANT1,ENST00000392446.10:c.902_906dup,ENSP00000376241.4:p.Ser303AlafsTer21,homozygous,3,False,
CYP27A1,ENST00000258415.9:c.1342C>T,ENSP00000258415.4:p.Arg448Cys,homozygous,3,False,
IMPG2,ENST00000193391.8:c.2274G>A,ENSP00000193391.6:p.Trp758Ter,heterozygous,3,False,
GJC2,ENST00000366714.3:c.755A>G,ENSP00000355675.2:p.His252Arg,homozygous,3,False,
GUCY2D,ENST00000254854.5:c.1978C>T,ENSP00000254854.4:p.Arg660Ter,homozygous,3,False,
FGF3,ENST00000334134.4:c.196G>T,ENSP00000334122.2:p.Gly66Cys,homozygous,3,False,
MICU1,ENST00000361114.10:c.547C>T,ENSP00000354415.5:p.Gln183Ter,homozygous,3,False,
FERRY3,ENST00000261250.8:c.639_640insACAA,ENSP00000261250.3:p.Gln214ThrfsTer31,homozygous,3,False,
MFSD8,ENST00000641686.2:c.1392C>T,ENSP00000493218.2:p.Ala464=,homozygous,3,False,
MFSD8,ENST00000641686.2:c.1235C>T,ENSP00000493218.2:p.Pro412Leu,homozygous,3,False,
CLHC1,ENST00000401408.6:c.1145G>A,ENSP00000384869.1:p.Arg382Gln,homozygous,3,False,
CYP7B1,ENST00000310193.4:c.1057G>T,ENSP00000310721.3:p.Glu353Ter,homozygous,3,False,
WDR81,ENST00000409644.6:c.845G>A,ENSP00000386609.1:p.Gly282Glu,homozygous,3,False,
GBA1,ENST00000368373.8:c.1448T>C,ENSP00000357357.3:p.Leu483Pro,homozygous,3,False,
MYO18B,ENST00000335473.12:c.6905C>A,ENSP00000334563.8:p.Ser2302Ter,homozygous,3,False,
SPDL1,ENST00000265295.9:c.1724_1747del,ENSP00000265295.4:p.Ser575_Thr582del,homozygous,3,False,
HMGCL,ENST00000374490.8:c.914_915del,ENSP00000363614.3:p.Phe305TyrfsTer10,homozygous,3,False,
ABCB4,ENST00000649586.2:c.2906G>A,ENSP00000496956.2:p.Arg969His,homozygous,3,False,
SPART,ENST00000438666.7:c.1450dup,ENSP00000406061.2:p.Thr484AsnfsTer13,homozygous,3,False,
DPH1,ENST00000263083.12:c.701T>C,ENSP00000263083.7:p.Phe234Ser,homozygous,3,False,
WDR93,ENST00000268130.12:c.280T>C,ENSP00000268130.7:p.Tyr94His,homozygous,3,False,
ST7,ENST00000323984.8:c.489T>G,ENSP00000325673.3:p.Tyr163Ter,homozygous,3,False,
NRAP,ENST00000359988.4:c.400_407del,ENSP00000353078.3:p.Cys134SerfsTer12,homozygous,3,False,
TTN,ENST00000589042.5:c.86024C>T,ENSP00000467141.1:p.Pro28675Leu,homozygous,3,False,
SEC24D,ENST00000280551.11:c.697G>C,ENSP00000280551.6:p.Gly233Arg,homozygous,3,False,
ZNF526,ENST00000301215.8:c.479A>C,ENSP00000301215.2:p.Lys160Thr,homozygous,3,False,
ARFGEF2,ENST00000371917.5:c.656dup,ENSP00000360985.4:p.Val220CysfsTer35,homozygous,3,False,
IFIH1,ENST00000649979.2:c.1850T>C,ENSP00000497271.1:p.Ile617Thr,heterozygous,3,False,
SCN9A,ENST00000642356.2:c.2720G>A,ENSP00000495601.1:p.Arg907Gln,homozygous,3,False,
SCN8A,ENST00000627620.5:c.82C>T,ENSP00000487583.2:p.Arg28Cys,heterozygous,3,False,
PNKP,ENST00000322344.8:c.1251_1252insACGGGTCGCCATCGACA,ENSP00000323511.2:p.Arg418GlnfsTer55,homozygous,3,False,
PHGDH,ENST00000641023.2:c.418G>A,ENSP00000493175.1:p.Gly140Arg,homozygous,3,False,
GAA,ENST00000302262.8:c.655G>A,ENSP00000305692.3:p.Gly219Arg,homozygous,3,False,
GLI1,ENST00000228682.7:c.1133C>T,ENSP00000228682.2:p.Ser378Leu,homozygous,3,False,
ATP7B,ENST00000242839.10:c.2377dup,ENSP00000242839.5:p.Ala793GlyfsTer2,heterozygous,3,False,
COQ8B,ENST00000324464.8:c.532C>T,ENSP00000315118.3:p.Arg178Trp,homozygous,3,False,
G6PD,ENST00000393562.10:c.143T>C,ENSP00000377192.3:p.Ile48Thr,hemizygous,3,False,
BCKDHA,ENST00000269980.7:c.347A>G,ENSP00000269980.2:p.Asp116Gly,homozygous,3,False,
RYR1,ENST00000359596.8:c.6617C>T,ENSP00000352608.2:p.Thr2206Met,homozygous,3,False,
PKHD1,ENST00000371117.8:c.4870C>T,ENSP00000360158.3:p.Arg1624Trp,homozygous,3,False,
GNE,ENST00000642385.2:c.1712T>C,ENSP00000494141.2:p.Val571Ala,homozygous,3,False,
POMT1,ENST00000402686.8:c.1246_1249del,ENSP00000385797.4:p.Met416ProfsTer11,homozygous,3,False,
ABCA4,ENST00000370225.4:c.1630_1633dup,ENSP00000359245.3:p.Asn545ArgfsTer12,heterozygous,3,False,
PKHD1,ENST00000371117.8:c.8093A>C,ENSP00000360158.3:p.Gln2698Pro,homozygous,3,False,
GAA,ENST00000302262.8:c.1064T>C,ENSP00000305692.3:p.Leu355Pro,homozygous,3,False,
SLC17A5,ENST00000355773.6:c.116G>A,ENSP00000348019.5:p.Arg39His,homozygous,3,False,
PCDHB4,ENST00000194152.4:c.915del,ENSP00000194152.1:p.Lys305AsnfsTer12,homozygous,3,False,
LBR,ENST00000272163.9:c.1535G>A,ENSP00000272163.4:p.Arg512Gln,homozygous,3,False,
LPL,ENST00000650287.1:c.991A>G,ENSP00000497642.1:p.Lys331Glu,homozygous,3,False,
FBN2,ENST00000262464.9:c.1064G>A,ENSP00000262464.4:p.Gly355Asp,homozygous,3,False,
TSEN15,ENST00000645668.2:c.226T>G,ENSP00000493902.2:p.Trp76Gly,homozygous,3,False,
PTPN23,ENST00000265562.5:c.3995G>T,ENSP00000265562.4:p.Arg1332Leu,homozygous,3,False,
FBN1,ENST00000316623.10:c.5087A>G,ENSP00000325527.5:p.Tyr1696Cys,heterozygous,3,False,
DLD,ENST00000205402.10:c.388G>T,ENSP00000205402.3:p.Ala130Ser,homozygous,3,False,
CLN6,ENST00000249806.11:c.794_796del,ENSP00000249806.5:p.Ser265del,homozygous,3,False,
PCCA,ENST00000376285.6:c.111_130del,ENSP00000365462.1:p.Tyr39AsnfsTer5,homozygous,3,False,
TBCK,ENST00000394708.7:c.305_306insCATTTGAGGTTCTTC,ENSP00000378198.2:p.Gln102delinsHisIleTer,homozygous,3,False,
DCAF17,ENST00000375255.8:c.436del,ENSP00000364404.3:p.Ala147HisfsTer9,homozygous,3,False,
SLC3A1,ENST00000260649.11:c.1711T>A,ENSP00000260649.6:p.Cys571Ser,homozygous,3,False,
ATP6V1B2,ENST00000276390.7:c.1001T>C,ENSP00000276390.2:p.Ile334Thr,homozygous,3,False,
PLA2G6,ENST00000332509.8:c.1909_1911del,ENSP00000333142.3:p.Ser637del,homozygous,3,False,
